-- phpMyAdmin SQL Dump
-- version 4.9.7
-- https://www.phpmyadmin.net/
--
-- Host: localhost:3306
-- Generation Time: May 19, 2022 at 04:14 PM
-- Server version: 10.5.15-MariaDB-cll-lve
-- PHP Version: 7.3.33

SET SQL_MODE = "NO_AUTO_VALUE_ON_ZERO";
SET AUTOCOMMIT = 0;
START TRANSACTION;
SET time_zone = "+00:00";


/*!40101 SET @OLD_CHARACTER_SET_CLIENT=@@CHARACTER_SET_CLIENT */;
/*!40101 SET @OLD_CHARACTER_SET_RESULTS=@@CHARACTER_SET_RESULTS */;
/*!40101 SET @OLD_COLLATION_CONNECTION=@@COLLATION_CONNECTION */;
/*!40101 SET NAMES utf8mb4 */;

--
-- Database: `u1562682_perumahan`
--

-- --------------------------------------------------------

--
-- Table structure for table `akun`
--

CREATE TABLE `akun` (
  `username` varchar(100) NOT NULL,
  `password` varchar(100) NOT NULL,
  `id_desa` varchar(3) NOT NULL,
  `nama` varchar(50) NOT NULL,
  `hp` varchar(20) NOT NULL,
  `level` enum('dinas','desa') NOT NULL,
  `status` enum('Y','N') NOT NULL
) ENGINE=InnoDB DEFAULT CHARSET=utf8mb4;

--
-- Dumping data for table `akun`
--

INSERT INTO `akun` (`username`, `password`, `id_desa`, `nama`, `hp`, `level`, `status`) VALUES
('admin', '12345', '', 'Admin', '081221473049', 'dinas', 'Y'),
('cirahayu', '09876', '280', 'Supyana', '0854836482480', 'desa', 'N'),
('lebakwangi', 'Saeful', '268', 'Saeful', '0823872366', 'desa', 'N'),
('sofhianfn', '12345', '70', 'Sofhian FN', '081221473049', 'desa', 'Y');

-- --------------------------------------------------------

--
-- Table structure for table `desa`
--

CREATE TABLE `desa` (
  `id` int(3) DEFAULT NULL,
  `id_kec` int(2) DEFAULT NULL,
  `desa` varchar(17) DEFAULT NULL,
  `jenis` int(1) DEFAULT NULL,
  `proses` varchar(1) NOT NULL
) ENGINE=InnoDB DEFAULT CHARSET=utf8;

--
-- Dumping data for table `desa`
--

INSERT INTO `desa` (`id`, `id_kec`, `desa`, `jenis`, `proses`) VALUES
(1, 1, 'Ciawigebang', 2, ''),
(2, 1, 'Ciawilor', 2, ''),
(3, 1, 'Cigarukgak', 2, ''),
(4, 1, 'Cihaur', 2, ''),
(5, 1, 'Cihirup', 2, ''),
(6, 1, 'Cijagamulya', 2, ''),
(7, 1, 'Cikubangmulya', 2, ''),
(8, 1, 'Ciomas', 2, ''),
(9, 1, 'Ciputat', 2, ''),
(10, 1, 'Dukuhdalem', 2, ''),
(11, 1, 'Geresik', 2, ''),
(12, 1, 'Kadurama', 2, ''),
(13, 1, 'Kapandayan', 2, ''),
(14, 1, 'Karangkamulyan', 2, ''),
(15, 1, 'Keramatmulya', 2, ''),
(16, 1, 'Lebaksiuh', 2, ''),
(17, 1, 'Mekarjaya', 2, ''),
(18, 1, 'Padarama', 2, ''),
(19, 1, 'Pajawanlor', 2, ''),
(20, 1, 'Pamijahan', 2, ''),
(21, 1, 'Pangkalan', 2, ''),
(22, 1, 'Sidaraja', 2, ''),
(23, 1, 'Sukadana', 2, ''),
(24, 1, 'Sukaraja', 2, ''),
(25, 2, 'Cibeureum', 2, ''),
(26, 2, 'Cimara', 2, ''),
(27, 2, 'Kawungsari', 2, ''),
(28, 2, 'Randusari', 2, ''),
(29, 2, 'Sukadana', 2, ''),
(30, 2, 'Sukarapih', 2, ''),
(31, 2, 'Sumurwiru', 2, ''),
(32, 2, 'Tarikolot', 2, ''),
(33, 3, 'Bantarpanjang', 2, ''),
(34, 3, 'Ciangir', 2, ''),
(35, 3, 'Cibingbin', 2, ''),
(36, 3, 'Cipondok', 2, ''),
(37, 3, 'Cisaat', 2, ''),
(38, 3, 'Citenjo', 2, ''),
(39, 3, 'Dukuhbadag', 2, ''),
(40, 3, 'Sindangjawa', 2, ''),
(41, 3, 'Sukaharja', 2, ''),
(42, 3, 'Sukamaju', 2, ''),
(43, 4, 'Bunder', 2, ''),
(44, 4, 'Cibulan', 2, ''),
(45, 4, 'Cidahu', 2, ''),
(46, 4, 'Cieurih', 2, ''),
(47, 4, 'Cihideunggirang', 2, ''),
(48, 4, 'Cihideunghilir', 2, ''),
(49, 4, 'Cikeusik', 2, ''),
(50, 4, 'Datar', 2, ''),
(51, 4, 'Jatimulya', 2, ''),
(52, 4, 'Kertawinangun', 2, ''),
(53, 4, 'Legok', 2, ''),
(54, 4, 'Nanggela', 2, ''),
(55, 5, 'Babakanjati', 2, ''),
(56, 5, 'Bunigeulis', 2, ''),
(57, 5, 'Cibuntu', 2, ''),
(58, 5, 'Indapatra', 2, ''),
(59, 5, 'Jambugeulis', 2, ''),
(60, 5, 'Karangmuncang', 2, ''),
(61, 5, 'Koreak', 2, ''),
(62, 5, 'Panawuan', 2, ''),
(63, 5, 'Sangkanmulya', 2, ''),
(64, 5, 'Sangkanurip', 2, ''),
(65, 5, 'Timbang', 2, ''),
(66, 6, 'Babakanmulya', 2, ''),
(67, 6, 'Cileuleuy', 2, ''),
(68, 6, 'Cisantana', 2, ''),
(69, 6, 'Gunungkeling', 2, ''),
(70, 6, 'Puncak', 2, 'Y'),
(71, 6, 'Cigadung', 1, ''),
(72, 6, 'Cigugur', 1, ''),
(73, 6, 'Cipari', 1, ''),
(74, 6, 'Sukamulya', 1, ''),
(75, 6, 'Winduherang', 1, ''),
(76, 7, 'Bungurberes', 2, ''),
(77, 7, 'Cilebak', 2, ''),
(78, 7, 'Cilimusari', 2, ''),
(79, 7, 'Jalatrang', 2, ''),
(80, 7, 'Legokherang', 2, ''),
(81, 7, 'Mandapajaya', 2, ''),
(82, 7, 'Patala', 2, ''),
(83, 8, 'Bandorasa Kulon', 2, ''),
(84, 8, 'Bandorasa Wetan', 2, ''),
(85, 8, 'Bojong', 2, ''),
(86, 8, 'Caracas', 2, ''),
(87, 8, 'Cibeureum', 2, ''),
(88, 8, 'Cilimus', 2, ''),
(89, 8, 'Kaliaren', 2, ''),
(90, 8, 'Linggaindah', 2, ''),
(91, 8, 'Linggajati', 2, ''),
(92, 8, 'Linggamekar', 2, ''),
(93, 8, 'Linggasana', 2, ''),
(94, 8, 'Sampora', 2, ''),
(95, 8, 'Setianegara', 2, ''),
(96, 9, 'Cikeusal', 2, ''),
(97, 9, 'Cileuya', 2, ''),
(98, 9, 'Cimahi', 2, ''),
(99, 9, 'Cimulya', 2, ''),
(100, 9, 'Gunungsari', 2, ''),
(101, 9, 'Kananga', 2, ''),
(102, 9, 'Margamukti', 2, ''),
(103, 9, 'Mekarjaya', 2, ''),
(104, 9, 'Mulyajaya', 2, ''),
(105, 9, 'Sukajaya', 2, ''),
(106, 10, 'Cijemit', 2, ''),
(107, 10, 'Ciniru', 2, ''),
(108, 10, 'Cipedes', 2, ''),
(109, 10, 'Gunungmanik', 2, ''),
(110, 10, 'Longkewang', 2, ''),
(111, 10, 'Mungkaldatar', 2, ''),
(112, 10, 'Pamupukan', 2, ''),
(113, 10, 'Pinara', 2, ''),
(114, 10, 'Rambatan', 2, ''),
(115, 11, 'Cimaranten', 2, ''),
(116, 11, 'Cipicung', 2, ''),
(117, 11, 'Karoya', 2, ''),
(118, 11, 'Mekarsari', 2, ''),
(119, 11, 'Muncangela', 2, ''),
(120, 11, 'Pamulihan', 2, ''),
(121, 11, 'Salareuma', 2, ''),
(122, 11, 'Suganangan', 2, ''),
(123, 11, 'Sukamukti', 2, ''),
(124, 11, 'Susukan', 2, ''),
(125, 12, 'Linggajaya', 2, ''),
(126, 12, 'Baok', 2, ''),
(127, 12, 'Cilayung', 2, ''),
(128, 12, 'Citikur', 2, ''),
(129, 12, 'Citundun', 2, ''),
(130, 12, 'Ciwaru', 2, ''),
(131, 12, 'Garajati', 2, ''),
(132, 12, 'Karangbaru', 2, ''),
(133, 12, 'Lebakherang', 2, ''),
(134, 12, 'Linggajaya', 2, ''),
(135, 12, 'Sagaranten', 2, ''),
(136, 12, 'Sumberjaya', 2, ''),
(137, 13, 'Bakom', 2, ''),
(138, 13, 'Cageur', 2, ''),
(139, 13, 'Cikupa', 2, ''),
(140, 13, 'Cimenga', 2, ''),
(141, 13, 'Cipasung', 2, ''),
(142, 13, 'Darma', 2, ''),
(143, 13, 'Gunungsirah', 2, ''),
(144, 13, 'Jagara', 2, ''),
(145, 13, 'Karanganyar', 2, ''),
(146, 13, 'Karangsari', 2, ''),
(147, 13, 'Kawahmanuk', 2, ''),
(148, 13, 'Paninggaran', 2, ''),
(149, 13, 'Parung', 2, ''),
(150, 13, 'Sagarahiang', 2, ''),
(151, 13, 'Sakerta Barat', 2, ''),
(152, 13, 'Sakerta Timur', 2, ''),
(153, 13, 'Situsari', 2, ''),
(154, 13, 'Sukarasa', 2, ''),
(155, 13, 'Tugumulya', 2, ''),
(156, 14, 'Cikananga', 2, ''),
(157, 14, 'Cirukem', 2, ''),
(158, 14, 'Citiusari', 2, ''),
(159, 14, 'Garawangi', 2, ''),
(160, 14, 'Gewok', 2, ''),
(161, 14, 'Kadatuan', 2, ''),
(162, 14, 'Karamatwangi', 2, ''),
(163, 14, 'Kutakembaran', 2, ''),
(164, 14, 'Lengkong', 2, ''),
(165, 14, 'Mancagar', 2, ''),
(166, 14, 'Mekarmulya', 2, ''),
(167, 14, 'Pakembangan', 2, ''),
(168, 14, 'Purwasari', 2, ''),
(169, 14, 'Sukaimut', 2, ''),
(170, 14, 'Sukamulya', 2, ''),
(171, 14, 'Tambakbaya', 2, ''),
(172, 14, 'Tembong', 2, ''),
(173, 15, 'Bunigeulis', 2, ''),
(174, 15, 'Cikondang', 2, ''),
(175, 15, 'Citapen', 2, ''),
(176, 15, 'Hantara', 2, ''),
(177, 15, 'Pakapasan Girang', 2, ''),
(178, 15, 'Pakapasan Hilir', 2, ''),
(179, 15, 'Pasiragung', 2, ''),
(180, 15, 'Tundagan', 2, ''),
(181, 16, 'Babakanmulya', 2, ''),
(182, 16, 'Ciniru', 2, ''),
(183, 16, 'Jalaksana', 2, ''),
(184, 16, 'Maniskidul', 2, ''),
(185, 16, 'Manislor', 2, ''),
(186, 16, 'Nanggerang', 2, ''),
(187, 16, 'Padamenak', 2, ''),
(188, 16, 'Peusing', 2, ''),
(189, 16, 'Sadamantra', 2, ''),
(190, 16, 'Sangkanerang', 2, ''),
(191, 16, 'Sayana', 2, ''),
(192, 16, 'Sembawa', 2, ''),
(193, 16, 'Sidamulya', 2, ''),
(194, 16, 'Sindangbarang', 2, ''),
(195, 16, 'Sukamukti', 2, ''),
(196, 17, 'Cengal', 2, ''),
(197, 17, 'Cikeleng', 2, ''),
(198, 17, 'Citapen', 2, ''),
(199, 17, 'Dukuhdalem', 2, ''),
(200, 17, 'Garatengah', 2, ''),
(201, 17, 'Japara', 2, ''),
(202, 17, 'Kalimati', 2, ''),
(203, 17, 'Rajadanu', 2, ''),
(204, 17, 'Singkup', 2, ''),
(205, 17, 'Wano', 2, ''),
(206, 18, 'Babatan', 2, ''),
(207, 18, 'Bayuning', 2, ''),
(208, 18, 'Ciherang', 2, ''),
(209, 18, 'Ciketak', 2, ''),
(210, 18, 'Cipondok', 2, ''),
(211, 18, 'Cisukadana', 2, ''),
(212, 18, 'Kadugede', 2, ''),
(213, 18, 'Margabakti', 2, ''),
(214, 18, 'Nangka', 2, ''),
(215, 18, 'Sindangjawa', 2, ''),
(216, 18, 'Tinggar', 2, ''),
(217, 18, 'Windujanten', 2, ''),
(218, 19, 'Cipancur', 2, ''),
(219, 19, 'Kalimanggis Kulon', 2, 'Y'),
(220, 19, 'Kalimanggis Wetan', 2, ''),
(221, 19, 'Kertawana', 2, ''),
(222, 19, 'Partawangunan', 2, ''),
(223, 19, 'Wanasaraya', 2, ''),
(224, 20, 'Cihanjaro', 2, ''),
(225, 20, 'Jabranti', 2, ''),
(226, 20, 'Kaduagung', 2, ''),
(227, 20, 'Karangkancana', 2, ''),
(228, 20, 'Margacina', 2, ''),
(229, 20, 'Segong', 2, ''),
(230, 20, 'Simpayjaya', 2, ''),
(231, 20, 'Sukasari', 2, ''),
(232, 20, 'Tanjungkerta', 2, ''),
(233, 21, 'Bojong', 2, ''),
(234, 21, 'Cibentang', 2, ''),
(235, 21, 'Cikaso', 2, ''),
(236, 21, 'Cikubangsari', 2, ''),
(237, 21, 'Cilaja', 2, ''),
(238, 21, 'Cilowa', 2, ''),
(239, 21, 'Gandasoli', 2, ''),
(240, 21, 'Gereba', 2, ''),
(241, 21, 'Kalapagunung', 2, ''),
(242, 21, 'Karamatmulya', 2, ''),
(243, 21, 'Karangmangu', 2, ''),
(244, 21, 'Pajambon', 2, ''),
(245, 21, 'Ragawacana', 2, ''),
(246, 21, 'Widarasari', 2, ''),
(247, 22, 'Ancaran', 2, ''),
(248, 22, 'Cibinuang', 2, ''),
(249, 22, 'Karangtawang', 2, ''),
(250, 22, 'Kasturi', 2, ''),
(251, 22, 'Kedungarum', 2, ''),
(252, 22, 'Padarek', 2, ''),
(253, 22, 'Awirarangan', 1, ''),
(254, 22, 'Cigintung', 1, ''),
(255, 22, 'Cijoho', 1, ''),
(256, 22, 'Ciporang', 1, ''),
(257, 22, 'Cirendang', 1, ''),
(258, 22, 'Citangtu', 1, ''),
(259, 22, 'Kuningan', 1, ''),
(260, 22, 'Purwawinangun', 1, ''),
(261, 22, 'Winduhaji', 1, ''),
(262, 22, 'Windusengkahan', 1, ''),
(263, 23, 'Bendungan', 2, ''),
(264, 23, 'Cinagara', 2, ''),
(265, 23, 'Cineumbeuy', 2, ''),
(266, 23, 'Cipetir', 2, ''),
(267, 23, 'Langseb', 2, ''),
(268, 23, 'Lebakwangi', 2, 'Y'),
(269, 23, 'Mancagar', 2, ''),
(270, 23, 'Manggari', 2, ''),
(271, 23, 'Mekarwangi', 2, ''),
(272, 23, 'Pagundan', 2, ''),
(273, 23, 'Pajawankidul', 2, ''),
(274, 23, 'Pasayangan', 2, ''),
(275, 23, 'Sindang', 2, ''),
(276, 24, 'Benda', 2, ''),
(277, 24, 'Cigedang', 2, ''),
(278, 24, 'Cikandang', 2, ''),
(279, 24, 'Cikaduwetan', 2, ''),
(280, 24, 'Cirahayu', 2, 'Y'),
(281, 24, 'Dukuhmaja', 2, ''),
(282, 24, 'Dukuhpicung', 2, ''),
(283, 24, 'Gunungkarung', 2, ''),
(284, 24, 'Luragunglandeuh', 2, ''),
(285, 24, 'Luragungtonggoh', 2, ''),
(286, 24, 'Margasari', 2, ''),
(287, 24, 'Panyosogan', 2, ''),
(288, 24, 'Sindangsari', 2, ''),
(289, 24, 'Sindangsuka', 2, ''),
(290, 24, 'Walaharcageur', 2, ''),
(291, 24, 'Wilanagara', 2, ''),
(292, 25, 'Buniasih', 2, ''),
(293, 25, 'Cikahuripan', 2, ''),
(294, 25, 'Cipakem', 2, ''),
(295, 25, 'Ciporang', 2, ''),
(296, 25, 'Dukuhtengah', 2, ''),
(297, 25, 'Galaherang', 2, ''),
(298, 25, 'Garahaji', 2, ''),
(299, 25, 'Giriwaringin', 2, ''),
(300, 25, 'Karangtengah', 2, ''),
(301, 25, 'Kutamandarakan', 2, ''),
(302, 25, 'Kutaraja', 2, ''),
(303, 25, 'Maleber', 2, ''),
(304, 25, 'Mandalajaya', 2, ''),
(305, 25, 'Mekarsari', 2, ''),
(306, 25, 'Padamulya', 2, ''),
(307, 25, 'Parakan', 2, ''),
(308, 26, 'Cirea', 2, ''),
(309, 26, 'Kertawinangun', 2, ''),
(310, 26, 'Mandirancan', 2, ''),
(311, 26, 'Nanggela', 2, ''),
(312, 26, 'Nanggerangjaya', 2, ''),
(313, 26, 'Pakembangan', 2, ''),
(314, 26, 'Randobawagirang', 2, ''),
(315, 26, 'Randobawailir', 2, ''),
(316, 26, 'Salakadomas', 2, ''),
(317, 26, 'Seda', 2, ''),
(318, 26, 'Sukasari', 2, ''),
(319, 26, 'Trijaya', 2, ''),
(320, 27, 'Ciasih', 2, ''),
(321, 27, 'Cikadu', 2, ''),
(322, 27, 'Haurkuning', 2, ''),
(323, 27, 'Jambar', 2, ''),
(324, 27, 'Kertawirama', 2, ''),
(325, 27, 'Kertayuga', 2, ''),
(326, 27, 'Nusaherang', 2, ''),
(327, 27, 'Windusari', 2, ''),
(328, 28, 'Danalampah', 2, ''),
(329, 28, 'Kahiyangan', 2, ''),
(330, 28, 'Mekarjaya', 2, ''),
(331, 28, 'Pancalang', 2, ''),
(332, 28, 'Patalagan', 2, ''),
(333, 28, 'Rajawetan', 2, ''),
(334, 28, 'Sarewu', 2, ''),
(335, 28, 'Silebu', 2, ''),
(336, 28, 'Sindangkempeng', 2, ''),
(337, 28, 'Sumbakeling', 2, ''),
(338, 28, 'Tajurbuntu', 2, ''),
(339, 28, 'Tarikolot', 2, ''),
(340, 28, 'Tenjolayar', 2, ''),
(341, 29, 'Cibuntu', 2, ''),
(342, 29, 'Cidahu', 2, ''),
(343, 29, 'Cimara', 2, ''),
(344, 29, 'Ciwiru', 2, ''),
(345, 29, 'Kaduela', 2, ''),
(346, 29, 'Padabeunghar', 2, ''),
(347, 29, 'Padamatang', 2, ''),
(348, 29, 'Paniis', 2, ''),
(349, 29, 'Pasawahan', 2, ''),
(350, 29, 'Singkup', 2, ''),
(351, 30, 'Bagawat', 2, ''),
(352, 30, 'Cantilan', 2, ''),
(353, 30, 'Ciberung', 2, ''),
(354, 30, 'Jamberama', 2, ''),
(355, 30, 'Kutawaringin', 2, ''),
(356, 30, 'Padahurip', 2, ''),
(357, 30, 'Selajambe', 2, ''),
(358, 31, 'Babakanreuma', 2, ''),
(359, 31, 'Balong', 2, ''),
(360, 31, 'Dukuhlor', 2, ''),
(361, 31, 'Kaduagung', 2, ''),
(362, 31, 'Kertaungaran', 2, ''),
(363, 31, 'Kertawangunan', 2, ''),
(364, 31, 'Kertayasa', 2, ''),
(365, 31, 'Mekarmukti', 2, ''),
(366, 31, 'Sindangagung', 2, ''),
(367, 31, 'Sindangsari', 2, ''),
(368, 31, 'Taraju', 2, ''),
(369, 31, 'Tirtawangunan', 2, ''),
(370, 32, 'Bangunjaya', 2, ''),
(371, 32, 'Gunungaci', 2, ''),
(372, 32, 'Jatisari', 2, ''),
(373, 32, 'Pamulihan', 2, ''),
(374, 32, 'Situgede', 2, ''),
(375, 32, 'Subang', 2, ''),
(376, 32, 'Tangkolo', 2, '');

-- --------------------------------------------------------

--
-- Table structure for table `kec`
--

CREATE TABLE `kec` (
  `id` int(2) DEFAULT NULL,
  `kode` varchar(8) DEFAULT NULL,
  `kecamatan` varchar(13) DEFAULT NULL
) ENGINE=InnoDB DEFAULT CHARSET=utf8;

--
-- Dumping data for table `kec`
--

INSERT INTO `kec` (`id`, `kode`, `kecamatan`) VALUES
(1, '32.08.10', 'Ciawigebang'),
(2, '32.08.28', 'Cibeureum'),
(3, '32.08.05', 'Cibingbin'),
(4, '32.08.11', 'Cidahu'),
(5, '32.08.32', 'Cigandamekar'),
(6, '32.08.18', 'Cigugur'),
(7, '32.08.25', 'Cilebak'),
(8, '32.08.13', 'Cilimus'),
(9, '32.08.24', 'Cimahi'),
(10, '32.08.02', 'Ciniru'),
(11, '32.08.21', 'Cipicung'),
(12, '32.08.04', 'Ciwaru'),
(13, '32.08.17', 'Darma'),
(14, '32.08.08', 'Garawangi'),
(15, '32.08.26', 'Hantara'),
(16, '32.08.12', 'Jalaksana'),
(17, '32.08.23', 'Japara'),
(18, '32.08.01', 'Kadugede'),
(19, '32.08.27', 'Kalimanggis'),
(20, '32.08.29', 'Karangkancana'),
(21, '32.08.16', 'Kramatmulya'),
(22, '32.08.09', 'Kuningan'),
(23, '32.08.07', 'Lebakwangi'),
(24, '32.08.06', 'Luragung'),
(25, '32.08.30', 'Maleber'),
(26, '32.08.14', 'Mandirancan'),
(27, '32.08.20', 'Nusaherang'),
(28, '32.08.22', 'Pancalang'),
(29, '32.08.19', 'Pasawahan'),
(30, '32.08.15', 'Selajambe'),
(31, '32.08.31', 'Sindangagung'),
(32, '32.08.03', 'Subang');

--
-- Indexes for dumped tables
--

--
-- Indexes for table `akun`
--
ALTER TABLE `akun`
  ADD PRIMARY KEY (`username`);
COMMIT;

/*!40101 SET CHARACTER_SET_CLIENT=@OLD_CHARACTER_SET_CLIENT */;
/*!40101 SET CHARACTER_SET_RESULTS=@OLD_CHARACTER_SET_RESULTS */;
/*!40101 SET COLLATION_CONNECTION=@OLD_COLLATION_CONNECTION */;
